"IgnoreCase","LineNumber","Line","Filename","Path","Pattern","Context","Matches"
"True","4","Circular            15728640         511 Windows PowerShell","InputStream","InputStream","Windows",,"System.Text.RegularExpressions.Match[]"
"True","15","Circular             1052672             Windows Networking Vpn Plugin Platform/Operationa…","InputStream","InputStream","Windows",,"System.Text.RegularExpressions.Match[]"
"True","16","Circular             1052672             Windows Networking Vpn Plugin Platform/Operational","InputStream","InputStream","Windows",,"System.Text.RegularExpressions.Match[]"
"True","23","Circular             1052672           0 Microsoft-WindowsPhone-Connectivity-WiFiConnSvc-C…","InputStream","InputStream","Windows",,"System.Text.RegularExpressions.Match[]"
"True","24","Circular             1052672             Microsoft-Windows-ZTraceMaps/Operational","InputStream","InputStream","Windows",,"System.Text.RegularExpressions.Match[]"
"True","25","Circular             1052672           0 Microsoft-Windows-WWAN-SVC-Events/Operational","InputStream","InputStream","Windows",,"System.Text.RegularExpressions.Match[]"
"True","26","Circular             1052672           0 Microsoft-Windows-WPD-MTPClassDriver/Operational","InputStream","InputStream","Windows",,"System.Text.RegularExpressions.Match[]"
"True","27","Circular             1052672           0 Microsoft-Windows-WPD-CompositeClassDriver/Operat…","InputStream","InputStream","Windows",,"System.Text.RegularExpressions.Match[]"
"True","28","Circular             1052672           0 Microsoft-Windows-WPD-ClassInstaller/Operational","InputStream","InputStream","Windows",,"System.Text.RegularExpressions.Match[]"
"True","29","Circular             1052672           0 Microsoft-Windows-Workplace Join/Admin","InputStream","InputStream","Windows",,"System.Text.RegularExpressions.Match[]"
"True","30","Circular             1052672           0 Microsoft-Windows-WorkFolders/WHC","InputStream","InputStream","Windows",,"System.Text.RegularExpressions.Match[]"
"True","31","Circular             1052672           0 Microsoft-Windows-WorkFolders/Operational","InputStream","InputStream","Windows",,"System.Text.RegularExpressions.Match[]"
"True","32","Circular             1052672             Microsoft-Windows-Wordpad/Admin","InputStream","InputStream","Windows",,"System.Text.RegularExpressions.Match[]"
"True","33","Circular             1052672           0 Microsoft-Windows-WMPNSS-Service/Operational","InputStream","InputStream","Windows",,"System.Text.RegularExpressions.Match[]"
"True","34","Circular             1052672        1080 Microsoft-Windows-WMI-Activity/Operational","InputStream","InputStream","Windows",,"System.Text.RegularExpressions.Match[]"
"True","35","Circular             1052672             Microsoft-Windows-wmbclass/Trace","InputStream","InputStream","Windows",,"System.Text.RegularExpressions.Match[]"
"True","36","Circular             1052672         878 Microsoft-Windows-WLAN-AutoConfig/Operational","InputStream","InputStream","Windows",,"System.Text.RegularExpressions.Match[]"
"True","37","Circular             1052672           0 Microsoft-Windows-Wired-AutoConfig/Operational","InputStream","InputStream","Windows",,"System.Text.RegularExpressions.Match[]"
"True","38","Circular             1052672           0 Microsoft-Windows-Winsock-WS2HELP/Operational","InputStream","InputStream","Windows",,"System.Text.RegularExpressions.Match[]"
"True","39","Circular             1052672             Microsoft-Windows-Winsock-NameResolution/Operatio…","InputStream","InputStream","Windows",,"System.Text.RegularExpressions.Match[]"
"True","40","Circular             1052672             Microsoft-Windows-Winsock-AFD/Operational","InputStream","InputStream","Windows",,"System.Text.RegularExpressions.Match[]"
"True","41","Circular             1052672          72 Microsoft-Windows-WinRM/Operational","InputStream","InputStream","Windows",,"System.Text.RegularExpressions.Match[]"
"True","42","Circular             1052672             Microsoft-Windows-WinNat/Oper","InputStream","InputStream","Windows",,"System.Text.RegularExpressions.Match[]"
"True","43","Circular             1052672        2583 Microsoft-Windows-Winlogon/Operational","InputStream","InputStream","Windows",,"System.Text.RegularExpressions.Match[]"
"True","44","Circular             1052672           0 Microsoft-Windows-WinINet/Operational","InputStream","InputStream","Windows",,"System.Text.RegularExpressions.Match[]"
"True","45","Circular             1052672           1 Microsoft-Windows-WinINet-Config/ProxyConfigChang…","InputStream","InputStream","Windows",,"System.Text.RegularExpressions.Match[]"
"True","46","Circular             1052672             Microsoft-Windows-WinINet-Capture/Analytic","InputStream","InputStream","Windows",,"System.Text.RegularExpressions.Match[]"
"True","47","Circular             1052672           0 Microsoft-Windows-WinHttp/Operational","InputStream","InputStream","Windows",,"System.Text.RegularExpressions.Match[]"
"True","48","Circular             1052672             Microsoft-Windows-WinHTTP-NDF/Diagnostic","InputStream","InputStream","Windows",,"System.Text.RegularExpressions.Match[]"
"True","49","Circular             1052672         560 Microsoft-Windows-WindowsUpdateClient/Operational","InputStream","InputStream","Windows",,"System.Text.RegularExpressions.Match[]"
"True","50","Circular             1052672             Microsoft-Windows-WindowsUIImmersive/Operational","InputStream","InputStream","Windows",,"System.Text.RegularExpressions.Match[]"
"True","51","Circular             1052672         171 Microsoft-Windows-WindowsSystemAssessmentTool/Ope…","InputStream","InputStream","Windows",,"System.Text.RegularExpressions.Match[]"
"True","52","Circular             1052672             Microsoft-Windows-WindowsColorSystem/Operational","InputStream","InputStream","Windows",,"System.Text.RegularExpressions.Match[]"
"True","53","Circular             1052672           0 Microsoft-Windows-WindowsBackup/ActionCenter","InputStream","InputStream","Windows",,"System.Text.RegularExpressions.Match[]"
"True","54","Circular             1052672             Microsoft-Windows-Windows Firewall With Advanced …","InputStream","InputStream","Windows",,"System.Text.RegularExpressions.Match[]"
"True","55","Circular             1052672           0 Microsoft-Windows-Windows Firewall With Advanced …","InputStream","InputStream","Windows",,"System.Text.RegularExpressions.Match[]"
"True","56","Circular             1052672        1056 Microsoft-Windows-Windows Firewall With Advanced …","InputStream","InputStream","Windows",,"System.Text.RegularExpressions.Match[]"
"True","57","Circular             1052672             Microsoft-Windows-Windows Firewall With Advanced …","InputStream","InputStream","Windows",,"System.Text.RegularExpressions.Match[]"
"True","58","Circular             1052672           0 Microsoft-Windows-Windows Firewall With Advanced …","InputStream","InputStream","Windows",,"System.Text.RegularExpressions.Match[]"
"True","59","Circular             1052672           0 Microsoft-Windows-Windows Defender/WHC","InputStream","InputStream","Windows",,"System.Text.RegularExpressions.Match[]"
"True","60","Circular            16777216         922 Microsoft-Windows-Windows Defender/Operational","InputStream","InputStream","Windows",,"System.Text.RegularExpressions.Match[]"
"True","61","Circular             1052672           0 Microsoft-Windows-Win32k/Operational","InputStream","InputStream","Windows",,"System.Text.RegularExpressions.Match[]"
"True","62","Circular             1052672           3 Microsoft-Windows-WFP/Operational","InputStream","InputStream","Windows",,"System.Text.RegularExpressions.Match[]"
"True","63","Circular             1052672           0 Microsoft-Windows-WerKernel/Operational","InputStream","InputStream","Windows",,"System.Text.RegularExpressions.Match[]"
"True","64","Circular             1052672         146 Microsoft-Windows-WER-PayloadHealth/Operational","InputStream","InputStream","Windows",,"System.Text.RegularExpressions.Match[]"
"True","65","Circular             1052672          21 Microsoft-Windows-WER-Diag/Operational","InputStream","InputStream","Windows",,"System.Text.RegularExpressions.Match[]"
"True","66","Circular             1052672             Microsoft-Windows-WEPHOSTSVC/Operational","InputStream","InputStream","Windows",,"System.Text.RegularExpressions.Match[]"
"True","67","Circular             1052672           0 Microsoft-Windows-WebIO/Operational","InputStream","InputStream","Windows",,"System.Text.RegularExpressions.Match[]"
"True","68","Circular             1052672             Microsoft-Windows-WebIO-NDF/Diagnostic","InputStream","InputStream","Windows",,"System.Text.RegularExpressions.Match[]"
"True","69","Circular             5242880          53 Microsoft-Windows-WebAuthN/Operational","InputStream","InputStream","Windows",,"System.Text.RegularExpressions.Match[]"
"True","70","Circular             1052672             Microsoft-Windows-WebAuth/Operational","InputStream","InputStream","Windows",,"System.Text.RegularExpressions.Match[]"
"True","71","Circular             1052672        1887 Microsoft-Windows-Wcmsvc/Operational","InputStream","InputStream","Windows",,"System.Text.RegularExpressions.Match[]"
"True","72","Circular             1052672           0 Microsoft-Windows-VPN/Operational","InputStream","InputStream","Windows",,"System.Text.RegularExpressions.Match[]"
"True","73","Circular             1052672           0 Microsoft-Windows-VPN-Client/Operational","InputStream","InputStream","Windows",,"System.Text.RegularExpressions.Match[]"
"True","74","Circular             1052672         425 Microsoft-Windows-VolumeSnapshot-Driver/Operation…","InputStream","InputStream","Windows",,"System.Text.RegularExpressions.Match[]"
"True","75","Circular             1052672         341 Microsoft-Windows-VHDMP-Operational","InputStream","InputStream","Windows",,"System.Text.RegularExpressions.Match[]"
"True","76","Circular             1052672             Microsoft-Windows-VerifyHardwareSecurity/Operatio…","InputStream","InputStream","Windows",,"System.Text.RegularExpressions.Match[]"
"True","77","Circular             1052672           0 Microsoft-Windows-VerifyHardwareSecurity/Admin","InputStream","InputStream","Windows",,"System.Text.RegularExpressions.Match[]"
"True","78","Circular             1052672           0 Microsoft-Windows-VDRVROOT/Operational","InputStream","InputStream","Windows",,"System.Text.RegularExpressions.Match[]"
"True","79","Circular             1052672         244 Microsoft-Windows-UserPnp/DeviceInstall","InputStream","InputStream","Windows",,"System.Text.RegularExpressions.Match[]"
"True","80","Circular             1052672           0 Microsoft-Windows-UserPnp/ActionCenter","InputStream","InputStream","Windows",,"System.Text.RegularExpressions.Match[]"
"True","81","Circular             1052672           0 Microsoft-Windows-User-Loader/Operational","InputStream","InputStream","Windows",,"System.Text.RegularExpressions.Match[]"
"True","82","Circular             4194304         334 Microsoft-Windows-User Profile Service/Operational","InputStream","InputStream","Windows",,"System.Text.RegularExpressions.Match[]"
"True","83","Circular             1052672          69 Microsoft-Windows-User Device Registration/Admin","InputStream","InputStream","Windows",,"System.Text.RegularExpressions.Match[]"
"True","84","Circular             1052672           0 Microsoft-Windows-User Control Panel/Operational","InputStream","InputStream","Windows",,"System.Text.RegularExpressions.Match[]"
"True","85","Circular             1052672        1794 Microsoft-Windows-UniversalTelemetryClient/Operat…","InputStream","InputStream","Windows",,"System.Text.RegularExpressions.Match[]"
"True","86","Circular             1052672           0 Microsoft-Windows-UAC/Operational","InputStream","InputStream","Windows",,"System.Text.RegularExpressions.Match[]"
"True","87","Circular             1052672         910 Microsoft-Windows-UAC-FileVirtualization/Operatio…","InputStream","InputStream","Windows",,"System.Text.RegularExpressions.Match[]"
"True","88","Circular             1052672           0 Microsoft-Windows-TZUtil/Operational","InputStream","InputStream","Windows",,"System.Text.RegularExpressions.Match[]"
"True","89","Circular             1052672          25 Microsoft-Windows-TZSync/Operational","InputStream","InputStream","Windows",,"System.Text.RegularExpressions.Match[]"
"True","90","Circular             1052672          53 Microsoft-Windows-TWinUI/Operational","InputStream","InputStream","Windows",,"System.Text.RegularExpressions.Match[]"
"True","91","Circular             1052672           0 Microsoft-Windows-Troubleshooting-Recommended/Ope…","InputStream","InputStream","Windows",,"System.Text.RegularExpressions.Match[]"
"True","92","Circular             1052672           0 Microsoft-Windows-Troubleshooting-Recommended/Adm…","InputStream","InputStream","Windows",,"System.Text.RegularExpressions.Match[]"
"True","93","Circular             1052672         713 Microsoft-Windows-Time-Service/Operational","InputStream","InputStream","Windows",,"System.Text.RegularExpressions.Match[]"
"True","94","Circular             1052672           0 Microsoft-Windows-Time-Service-PTP-Provider/PTP-O…","InputStream","InputStream","Windows",,"System.Text.RegularExpressions.Match[]"
"True","95","Circular             1052672           0 Microsoft-Windows-TerminalServices-RemoteConnecti…","InputStream","InputStream","Windows",,"System.Text.RegularExpressions.Match[]"
"True","96","Circular             1052672           0 Microsoft-Windows-TerminalServices-RemoteConnecti…","InputStream","InputStream","Windows",,"System.Text.RegularExpressions.Match[]"
"True","97","Circular             1052672          25 Microsoft-Windows-TerminalServices-RDPClient/Oper…","InputStream","InputStream","Windows",,"System.Text.RegularExpressions.Match[]"
"True","98","Circular             1052672           0 Microsoft-Windows-TerminalServices-Printers/Opera…","InputStream","InputStream","Windows",,"System.Text.RegularExpressions.Match[]"
"True","99","Circular             1052672           0 Microsoft-Windows-TerminalServices-Printers/Admin","InputStream","InputStream","Windows",,"System.Text.RegularExpressions.Match[]"
"True","100","Circular             1052672           0 Microsoft-Windows-TerminalServices-PnPDevices/Ope…","InputStream","InputStream","Windows",,"System.Text.RegularExpressions.Match[]"
"True","101","Circular             1052672           0 Microsoft-Windows-TerminalServices-PnPDevices/Adm…","InputStream","InputStream","Windows",,"System.Text.RegularExpressions.Match[]"
"True","102","Circular             1052672         620 Microsoft-Windows-TerminalServices-LocalSessionMa…","InputStream","InputStream","Windows",,"System.Text.RegularExpressions.Match[]"
"True","103","Circular             1052672           0 Microsoft-Windows-TerminalServices-LocalSessionMa…","InputStream","InputStream","Windows",,"System.Text.RegularExpressions.Match[]"
"True","104","Circular             1052672           0 Microsoft-Windows-TerminalServices-ClientUSBDevic…","InputStream","InputStream","Windows",,"System.Text.RegularExpressions.Match[]"
"True","105","Circular             1052672           0 Microsoft-Windows-TerminalServices-ClientUSBDevic…","InputStream","InputStream","Windows",,"System.Text.RegularExpressions.Match[]"
"True","106","Circular             1052672             Microsoft-Windows-TCPIP/Operational","InputStream","InputStream","Windows",,"System.Text.RegularExpressions.Match[]"
"True","107","Circular            10485760             Microsoft-Windows-TaskScheduler/Operational","InputStream","InputStream","Windows",,"System.Text.RegularExpressions.Match[]"
"True","108","Circular             1052672         358 Microsoft-Windows-TaskScheduler/Maintenance","InputStream","InputStream","Windows",,"System.Text.RegularExpressions.Match[]"
"True","109","Circular             1052672           0 Microsoft-Windows-SystemSettingsThreshold/Operati…","InputStream","InputStream","Windows",,"System.Text.RegularExpressions.Match[]"
"True","110","Circular            16777216          12 Microsoft-Windows-Storsvc/Diagnostic","InputStream","InputStream","Windows",,"System.Text.RegularExpressions.Match[]"
"True","111","Circular            20000000       26328 Microsoft-Windows-Store/Operational","InputStream","InputStream","Windows",,"System.Text.RegularExpressions.Match[]"
"True","112","Circular             1052672           0 Microsoft-Windows-StorageSpaces-SpaceManager/Oper…","InputStream","InputStream","Windows",,"System.Text.RegularExpressions.Match[]"
"True","113","Circular            16777216           0 Microsoft-Windows-StorageSpaces-SpaceManager/Diag…","InputStream","InputStream","Windows",,"System.Text.RegularExpressions.Match[]"
"True","114","Circular             1052672           0 Microsoft-Windows-StorageSpaces-Parser/Operational","InputStream","InputStream","Windows",,"System.Text.RegularExpressions.Match[]"
"True","115","Circular            16777216           0 Microsoft-Windows-StorageSpaces-Parser/Diagnostic","InputStream","InputStream","Windows",,"System.Text.RegularExpressions.Match[]"
"True","116","Circular             1052672           0 Microsoft-Windows-StorageSpaces-ManagementAgent/W…","InputStream","InputStream","Windows",,"System.Text.RegularExpressions.Match[]"
"True","117","Circular             1052672          23 Microsoft-Windows-StorageSpaces-Driver/Operational","InputStream","InputStream","Windows",,"System.Text.RegularExpressions.Match[]"
"True","118","Circular            16777216           0 Microsoft-Windows-StorageSpaces-Driver/Diagnostic","InputStream","InputStream","Windows",,"System.Text.RegularExpressions.Match[]"
"True","119","Circular             1052672           0 Microsoft-Windows-StorageSpaces-Api/Operational","InputStream","InputStream","Windows",,"System.Text.RegularExpressions.Match[]"
"True","120","Circular            67108864           0 Microsoft-Windows-StorageSettings/Diagnostic","InputStream","InputStream","Windows",,"System.Text.RegularExpressions.Match[]"
"True","121","Circular            33554432       12075 Microsoft-Windows-StorageManagement/Operational","InputStream","InputStream","Windows",,"System.Text.RegularExpressions.Match[]"
"True","122","Circular             1052672           0 Microsoft-Windows-StorageManagement-PartUtil/Oper…","InputStream","InputStream","Windows",,"System.Text.RegularExpressions.Match[]"
"True","123","Circular             1052672           0 Microsoft-Windows-Storage-Tiering/Admin","InputStream","InputStream","Windows",,"System.Text.RegularExpressions.Match[]"
"True","124","Circular            33554432        2265 Microsoft-Windows-Storage-Storport/Operational","InputStream","InputStream","Windows",,"System.Text.RegularExpressions.Match[]"
"True","125","Circular             6291456         432 Microsoft-Windows-Storage-Storport/Health","InputStream","InputStream","Windows",,"System.Text.RegularExpressions.Match[]"
"True","126","Circular             1052672             Microsoft-Windows-Storage-Storport/Admin","InputStream","InputStream","Windows",,"System.Text.RegularExpressions.Match[]"
"True","127","Circular            33554432           0 Microsoft-Windows-Storage-NvmeDisk/Operational","InputStream","InputStream","Windows",,"System.Text.RegularExpressions.Match[]"
"True","128","Circular             1052672             Microsoft-Windows-Storage-Disk/Operational","InputStream","InputStream","Windows",,"System.Text.RegularExpressions.Match[]"
"True","129","Circular             1052672             Microsoft-Windows-Storage-Disk/Admin","InputStream","InputStream","Windows",,"System.Text.RegularExpressions.Match[]"
"True","130","Circular             6291456           0 Microsoft-Windows-Storage-ClassPnP/Operational","InputStream","InputStream","Windows",,"System.Text.RegularExpressions.Match[]"
"True","131","Circular             1052672             Microsoft-Windows-Storage-ClassPnP/Admin","InputStream","InputStream","Windows",,"System.Text.RegularExpressions.Match[]"
"True","132","Circular             1052672             Microsoft-Windows-Storage-ATAPort/Operational","InputStream","InputStream","Windows",,"System.Text.RegularExpressions.Match[]"
"True","133","Circular             1052672             Microsoft-Windows-Storage-ATAPort/Admin","InputStream","InputStream","Windows",,"System.Text.RegularExpressions.Match[]"
"True","134","Circular             1052672           0 Microsoft-Windows-StateRepository/Restricted","InputStream","InputStream","Windows",,"System.Text.RegularExpressions.Match[]"
"True","135","Circular             5242880        3745 Microsoft-Windows-StateRepository/Operational","InputStream","InputStream","Windows",,"System.Text.RegularExpressions.Match[]"
"True","136","Circular             1052672           0 Microsoft-Windows-SMBWitnessClient/Informational","InputStream","InputStream","Windows",,"System.Text.RegularExpressions.Match[]"
"True","137","Circular             1052672           0 Microsoft-Windows-SMBWitnessClient/Admin","InputStream","InputStream","Windows",,"System.Text.RegularExpressions.Match[]"
"True","138","Circular             8388608           0 Microsoft-Windows-SMBServer/Security","InputStream","InputStream","Windows",,"System.Text.RegularExpressions.Match[]"
"True","139","Circular             8388608        4252 Microsoft-Windows-SMBServer/Operational","InputStream","InputStream","Windows",,"System.Text.RegularExpressions.Match[]"
"True","140","Circular             8388608           0 Microsoft-Windows-SMBServer/Connectivity","InputStream","InputStream","Windows",,"System.Text.RegularExpressions.Match[]"
"True","141","Circular             8388608           0 Microsoft-Windows-SMBServer/Audit","InputStream","InputStream","Windows",,"System.Text.RegularExpressions.Match[]"
"True","142","Circular             8388608          84 Microsoft-Windows-SmbClient/Security","InputStream","InputStream","Windows",,"System.Text.RegularExpressions.Match[]"
"True","143","Circular             8388608           0 Microsoft-Windows-SMBClient/Operational","InputStream","InputStream","Windows",,"System.Text.RegularExpressions.Match[]"
"True","144","Circular             8388608        1798 Microsoft-Windows-SmbClient/Connectivity","InputStream","InputStream","Windows",,"System.Text.RegularExpressions.Match[]"
"True","145","Circular             8388608           0 Microsoft-Windows-SmbClient/Audit","InputStream","InputStream","Windows",,"System.Text.RegularExpressions.Match[]"
"True","146","Circular             1052672             Microsoft-Windows-SmartScreen/Debug","InputStream","InputStream","Windows",,"System.Text.RegularExpressions.Match[]"
"True","147","Circular             1052672           0 Microsoft-Windows-SmartCard-TPM-VCard-Module/Oper…","InputStream","InputStream","Windows",,"System.Text.RegularExpressions.Match[]"
"True","148","Circular             1052672           0 Microsoft-Windows-SmartCard-TPM-VCard-Module/Admin","InputStream","InputStream","Windows",,"System.Text.RegularExpressions.Match[]"
"True","149","Circular             1052672           0 Microsoft-Windows-SmartCard-DeviceEnum/Operational","InputStream","InputStream","Windows",,"System.Text.RegularExpressions.Match[]"
"True","150","Circular             1052672           0 Microsoft-Windows-SmartCard-Audit/Authentication","InputStream","InputStream","Windows",,"System.Text.RegularExpressions.Match[]"
"True","151","Circular             1052672          76 Microsoft-Windows-ShellCommon-StartLayoutPopulati…","InputStream","InputStream","Windows",,"System.Text.RegularExpressions.Match[]"
"True","152","Circular             1052672        2320 Microsoft-Windows-Shell-Core/Operational","InputStream","InputStream","Windows",,"System.Text.RegularExpressions.Match[]"
"True","153","Circular             1052672           0 Microsoft-Windows-Shell-Core/LogonTasksChannel","InputStream","InputStream","Windows",,"System.Text.RegularExpressions.Match[]"
"True","154","Circular             1052672         314 Microsoft-Windows-Shell-Core/AppDefaults","InputStream","InputStream","Windows",,"System.Text.RegularExpressions.Match[]"
"True","155","Circular             1052672           0 Microsoft-Windows-Shell-Core/ActionCenter","InputStream","InputStream","Windows",,"System.Text.RegularExpressions.Match[]"
"True","156","Circular             1052672           0 Microsoft-Windows-Shell-ConnectedAccountState/Act…","InputStream","InputStream","Windows",,"System.Text.RegularExpressions.Match[]"
"True","157","Circular             1052672             Microsoft-Windows-ServiceReportingApi/Debug","InputStream","InputStream","Windows",,"System.Text.RegularExpressions.Match[]"
"True","158","Circular             1052672           0 Microsoft-Windows-SecurityMitigationsBroker/Opera…","InputStream","InputStream","Windows",,"System.Text.RegularExpressions.Match[]"
"True","159","Circular             1052672             Microsoft-Windows-SecurityMitigationsBroker/Admin","InputStream","InputStream","Windows",,"System.Text.RegularExpressions.Match[]"
"True","160","Circular             1052672           0 Microsoft-Windows-Security-UserConsentVerifier/Au…","InputStream","InputStream","Windows",,"System.Text.RegularExpressions.Match[]"
"True","161","Circular             1052672           1 Microsoft-Windows-Security-SPP-UX-Notifications/A…","InputStream","InputStream","Windows",,"System.Text.RegularExpressions.Match[]"
"True","162","Circular             1052672           0 Microsoft-Windows-Security-SPP-UX-GenuineCenter-L…","InputStream","InputStream","Windows",,"System.Text.RegularExpressions.Match[]"
"True","163","Circular             1052672           0 Microsoft-Windows-Security-Netlogon/Operational","InputStream","InputStream","Windows",,"System.Text.RegularExpressions.Match[]"
"True","164","Circular             1052672           0 Microsoft-Windows-Security-Mitigations/UserMode","InputStream","InputStream","Windows",,"System.Text.RegularExpressions.Match[]"
"True","165","Circular             1052672         528 Microsoft-Windows-Security-Mitigations/KernelMode","InputStream","InputStream","Windows",,"System.Text.RegularExpressions.Match[]"
"True","166","Circular             1052672         140 Microsoft-Windows-Security-LessPrivilegedAppConta…","InputStream","InputStream","Windows",,"System.Text.RegularExpressions.Match[]"
"True","167","Circular             1052672           0 Microsoft-Windows-Security-Isolation-BrokeringFil…","InputStream","InputStream","Windows",,"System.Text.RegularExpressions.Match[]"
"True","168","Circular             1052672             Microsoft-Windows-Security-ExchangeActiveSyncProv…","InputStream","InputStream","Windows",,"System.Text.RegularExpressions.Match[]"
"True","169","Circular             1052672           0 Microsoft-Windows-Security-EnterpriseData-FileRev…","InputStream","InputStream","Windows",,"System.Text.RegularExpressions.Match[]"
"True","170","Circular             1052672           0 Microsoft-Windows-Security-Audit-Configuration-Cl…","InputStream","InputStream","Windows",,"System.Text.RegularExpressions.Match[]"
"True","171","Circular             1052672           0 Microsoft-Windows-SearchUI/Operational","InputStream","InputStream","Windows",,"System.Text.RegularExpressions.Match[]"
"True","172","Circular             1052672             Microsoft-Windows-RRAS/Operational","InputStream","InputStream","Windows",,"System.Text.RegularExpressions.Match[]"
"True","173","Circular             1052672           0 Microsoft-Windows-RetailDemo/Operational","InputStream","InputStream","Windows",,"System.Text.RegularExpressions.Match[]"
"True","174","Circular             1052672           0 Microsoft-Windows-RetailDemo/Admin","InputStream","InputStream","Windows",,"System.Text.RegularExpressions.Match[]"
"True","175","Circular             1052672           0 Microsoft-Windows-RestartManager/Operational","InputStream","InputStream","Windows",,"System.Text.RegularExpressions.Match[]"
"True","176","Circular             1052672          31 Microsoft-Windows-Resource-Exhaustion-Resolver/Op…","InputStream","InputStream","Windows",,"System.Text.RegularExpressions.Match[]"
"True","177","Circular             1052672          53 Microsoft-Windows-Resource-Exhaustion-Detector/Op…","InputStream","InputStream","Windows",,"System.Text.RegularExpressions.Match[]"
"True","178","Circular             1052672             Microsoft-Windows-Remotefs-Rdbss/Operational","InputStream","InputStream","Windows",,"System.Text.RegularExpressions.Match[]"
"True","179","Circular             1052672           0 Microsoft-Windows-RemoteDesktopServices-SessionSe…","InputStream","InputStream","Windows",,"System.Text.RegularExpressions.Match[]"
"True","180","Circular             1052672           0 Microsoft-Windows-RemoteDesktopServices-RdpCoreTS…","InputStream","InputStream","Windows",,"System.Text.RegularExpressions.Match[]"
"True","181","Circular             1052672           0 Microsoft-Windows-RemoteDesktopServices-RdpCoreTS…","InputStream","InputStream","Windows",,"System.Text.RegularExpressions.Match[]"
"True","182","Circular             1052672           0 Microsoft-Windows-RemoteAssistance/Operational","InputStream","InputStream","Windows",,"System.Text.RegularExpressions.Match[]"
"True","183","Circular             1052672           0 Microsoft-Windows-RemoteAssistance/Admin","InputStream","InputStream","Windows",,"System.Text.RegularExpressions.Match[]"
"True","184","Circular             1052672           0 Microsoft-Windows-RemoteApp and Desktop Connectio…","InputStream","InputStream","Windows",,"System.Text.RegularExpressions.Match[]"
"True","185","Circular             1052672           0 Microsoft-Windows-RemoteApp and Desktop Connectio…","InputStream","InputStream","Windows",,"System.Text.RegularExpressions.Match[]"
"True","186","Circular             1052672           0 Microsoft-Windows-Regsvr32/Operational","InputStream","InputStream","Windows",,"System.Text.RegularExpressions.Match[]"
"True","187","Circular            33554432           0 Microsoft-Windows-ReFS/Operational","InputStream","InputStream","Windows",,"System.Text.RegularExpressions.Match[]"
"True","188","Circular             1052672           0 Microsoft-Windows-ReadyBoostDriver/Operational","InputStream","InputStream","Windows",,"System.Text.RegularExpressions.Match[]"
"True","189","Circular             1052672          70 Microsoft-Windows-ReadyBoost/Operational","InputStream","InputStream","Windows",,"System.Text.RegularExpressions.Match[]"
"True","190","Circular             1052672             Microsoft-Windows-RasAgileVpn/Operational","InputStream","InputStream","Windows",,"System.Text.RegularExpressions.Match[]"
"True","191","Circular             1052672        1657 Microsoft-Windows-PushNotification-Platform/Opera…","InputStream","InputStream","Windows",,"System.Text.RegularExpressions.Match[]"
"True","192","Circular             1052672           0 Microsoft-Windows-PushNotification-Platform/Admin","InputStream","InputStream","Windows",,"System.Text.RegularExpressions.Match[]"
"True","193","Circular             1052672             Microsoft-Windows-Proximity-Common/Diagnostic","InputStream","InputStream","Windows",,"System.Text.RegularExpressions.Match[]"
"True","194","Circular             1052672           0 Microsoft-Windows-Provisioning-Diagnostics-Provid…","InputStream","InputStream","Windows",,"System.Text.RegularExpressions.Match[]"
"True","195","Circular             1052672           0 Microsoft-Windows-Provisioning-Diagnostics-Provid…","InputStream","InputStream","Windows",,"System.Text.RegularExpressions.Match[]"
"True","196","Circular             1052672         398 Microsoft-Windows-Provisioning-Diagnostics-Provid…","InputStream","InputStream","Windows",,"System.Text.RegularExpressions.Match[]"
"True","197","Circular             1052672           0 Microsoft-Windows-Program-Compatibility-Assistant…","InputStream","InputStream","Windows",,"System.Text.RegularExpressions.Match[]"
"True","198","Circular             1052672             Microsoft-Windows-Program-Compatibility-Assistant…","InputStream","InputStream","Windows",,"System.Text.RegularExpressions.Match[]"
"True","199","Retain             104857600          10 Microsoft-Windows-Privacy-Auditing/Operational","InputStream","InputStream","Windows",,"System.Text.RegularExpressions.Match[]"
"True","200","Circular             1052672             Microsoft-Windows-Privacy-Auditing-PermissiveLear…","InputStream","InputStream","Windows",,"System.Text.RegularExpressions.Match[]"
"True","201","Circular             1052672             Microsoft-Windows-PrintService/Operational","InputStream","InputStream","Windows",,"System.Text.RegularExpressions.Match[]"
"True","202","Circular             1052672           8 Microsoft-Windows-PrintService/Admin","InputStream","InputStream","Windows",,"System.Text.RegularExpressions.Match[]"
"True","203","Circular            15728640         363 Microsoft-Windows-PowerShell/Operational","InputStream","InputStream","Windows",,"System.Text.RegularExpressions.Match[]"
"True","204","Retain            1048985600           0 Microsoft-Windows-PowerShell/Admin","InputStream","InputStream","Windows",,"System.Text.RegularExpressions.Match[]"
"True","205","Circular             1052672           0 Microsoft-Windows-PowerShell-DesiredStateConfigur…","InputStream","InputStream","Windows",,"System.Text.RegularExpressions.Match[]"
"True","206","Circular             1052672           0 Microsoft-Windows-Policy/Operational","InputStream","InputStream","Windows",,"System.Text.RegularExpressions.Match[]"
"True","207","Circular             6291456           0 Microsoft-Windows-PersistentMemory-ScmBus/Operati…","InputStream","InputStream","Windows",,"System.Text.RegularExpressions.Match[]"
"True","208","Circular             1052672           0 Microsoft-Windows-PersistentMemory-ScmBus/Certifi…","InputStream","InputStream","Windows",,"System.Text.RegularExpressions.Match[]"
"True","209","Circular             6291456           0 Microsoft-Windows-PersistentMemory-PmemDisk/Opera…","InputStream","InputStream","Windows",,"System.Text.RegularExpressions.Match[]"
"True","210","Circular             6291456           0 Microsoft-Windows-PersistentMemory-Nvdimm/Operati…","InputStream","InputStream","Windows",,"System.Text.RegularExpressions.Match[]"
"True","211","Circular             1052672         465 Microsoft-Windows-Perflib/Operational","InputStream","InputStream","Windows",,"System.Text.RegularExpressions.Match[]"
"True","212","Circular             1052672           0 Microsoft-Windows-PerceptionSensorDataService/Ope…","InputStream","InputStream","Windows",,"System.Text.RegularExpressions.Match[]"
"True","213","Circular             1052672           0 Microsoft-Windows-PerceptionRuntime/Operational","InputStream","InputStream","Windows",,"System.Text.RegularExpressions.Match[]"
"True","214","Circular            16777216          23 Microsoft-Windows-Partition/Diagnostic","InputStream","InputStream","Windows",,"System.Text.RegularExpressions.Match[]"
"True","215","Circular             1052672           0 Microsoft-Windows-ParentalControls/Operational","InputStream","InputStream","Windows",,"System.Text.RegularExpressions.Match[]"
"True","216","Circular             1052672             Microsoft-Windows-OtpCredentialProvider/Operation…","InputStream","InputStream","Windows",,"System.Text.RegularExpressions.Match[]"
"True","217","Circular             1052672           0 Microsoft-Windows-OOBE-Machine-DUI/Operational","InputStream","InputStream","Windows",,"System.Text.RegularExpressions.Match[]"
"True","218","Circular             1052672             Microsoft-Windows-OneX/Operational","InputStream","InputStream","Windows",,"System.Text.RegularExpressions.Match[]"
"True","219","Circular             1052672           0 Microsoft-Windows-OneBackup/Debug","InputStream","InputStream","Windows",,"System.Text.RegularExpressions.Match[]"
"True","220","Circular             1052672           0 Microsoft-Windows-NTLM/Operational","InputStream","InputStream","Windows",,"System.Text.RegularExpressions.Match[]"
"True","221","Circular             1052672          23 Microsoft-Windows-Ntfs/WHC","InputStream","InputStream","Windows",,"System.Text.RegularExpressions.Match[]"
"True","222","Circular            33554432        3864 Microsoft-Windows-Ntfs/Operational","InputStream","InputStream","Windows",,"System.Text.RegularExpressions.Match[]"
"True","223","Circular             1052672           2 Microsoft-Windows-NlaSvc/Operational","InputStream","InputStream","Windows",,"System.Text.RegularExpressions.Match[]"
"True","224","Circular             1052672           0 Microsoft-Windows-NetworkProvisioning/Operational","InputStream","InputStream","Windows",,"System.Text.RegularExpressions.Match[]"
"True","225","Circular             1052672           0 Microsoft-Windows-NetworkProvider/Operational","InputStream","InputStream","Windows",,"System.Text.RegularExpressions.Match[]"
"True","226","Circular             1052672        1553 Microsoft-Windows-NetworkProfile/Operational","InputStream","InputStream","Windows",,"System.Text.RegularExpressions.Match[]"
"True","227","Circular             1052672           0 Microsoft-Windows-NetworkLocationWizard/Operation…","InputStream","InputStream","Windows",,"System.Text.RegularExpressions.Match[]"
"True","228","Circular             1052672             Microsoft-Windows-Network-ExecutionContext/Operat…","InputStream","InputStream","Windows",,"System.Text.RegularExpressions.Match[]"
"True","229","Circular             1052672           0 Microsoft-Windows-NdisImPlatform/Operational","InputStream","InputStream","Windows",,"System.Text.RegularExpressions.Match[]"
"True","230","Circular             1052672             Microsoft-Windows-NDIS/Operational","InputStream","InputStream","Windows",,"System.Text.RegularExpressions.Match[]"
"True","231","Circular             1052672         318 Microsoft-Windows-NCSI/Operational","InputStream","InputStream","Windows",,"System.Text.RegularExpressions.Match[]"
"True","232","Circular             1052672           6 Microsoft-Windows-NcdAutoSetup/Operational","InputStream","InputStream","Windows",,"System.Text.RegularExpressions.Match[]"
"True","233","Circular             1052672             Microsoft-Windows-Ncasvc/Operational","InputStream","InputStream","Windows",,"System.Text.RegularExpressions.Match[]"
"True","234","Circular             1052672          28 Microsoft-Windows-MUI/Operational","InputStream","InputStream","Windows",,"System.Text.RegularExpressions.Match[]"
"True","235","Circular             1052672           0 Microsoft-Windows-MUI/Admin","InputStream","InputStream","Windows",,"System.Text.RegularExpressions.Match[]"
"True","236","Circular             1052672           0 Microsoft-Windows-Mprddm/Operational","InputStream","InputStream","Windows",,"System.Text.RegularExpressions.Match[]"
"True","237","Circular             1052672             Microsoft-Windows-MosHost/Operational","InputStream","InputStream","Windows",,"System.Text.RegularExpressions.Match[]"
"True","238","Circular             1052672        1623 Microsoft-Windows-ModernDeployment-Diagnostics-Pr…","InputStream","InputStream","Windows",,"System.Text.RegularExpressions.Match[]"
"True","239","Circular             1052672           0 Microsoft-Windows-ModernDeployment-Diagnostics-Pr…","InputStream","InputStream","Windows",,"System.Text.RegularExpressions.Match[]"
"True","240","Circular             1052672           2 Microsoft-Windows-ModernDeployment-Diagnostics-Pr…","InputStream","InputStream","Windows",,"System.Text.RegularExpressions.Match[]"
"True","241","Circular             1052672           0 Microsoft-Windows-ModernDeployment-Diagnostics-Pr…","InputStream","InputStream","Windows",,"System.Text.RegularExpressions.Match[]"
"True","242","Circular             1052672           0 Microsoft-Windows-MemoryDiagnostics-Results/Debug","InputStream","InputStream","Windows",,"System.Text.RegularExpressions.Match[]"
"True","243","Circular             1052672             Microsoft-Windows-MediaFoundation-Performance/SAR…","InputStream","InputStream","Windows",,"System.Text.RegularExpressions.Match[]"
"True","244","Circular             1052672             Microsoft-Windows-LSA/Operational","InputStream","InputStream","Windows",,"System.Text.RegularExpressions.Match[]"
"True","245","Circular             1052672         403 Microsoft-Windows-LiveId/Operational","InputStream","InputStream","Windows",,"System.Text.RegularExpressions.Match[]"
"True","246","Circular             1052672             Microsoft-Windows-LinkLayerDiscoveryProtocol/Oper…","InputStream","InputStream","Windows",,"System.Text.RegularExpressions.Match[]"
"True","247","Circular             1052672          33 Microsoft-Windows-LanguagePackSetup/Operational","InputStream","InputStream","Windows",,"System.Text.RegularExpressions.Match[]"
"True","248","Circular             1052672        1484 Microsoft-Windows-Known Folders API Service","InputStream","InputStream","Windows",,"System.Text.RegularExpressions.Match[]"
"True","249","Circular            33554432         271 Microsoft-Windows-Kernel-WHEA/Operational","InputStream","InputStream","Windows",,"System.Text.RegularExpressions.Match[]"
"True","250","Circular            33554432           0 Microsoft-Windows-Kernel-WHEA/Errors","InputStream","InputStream","Windows",,"System.Text.RegularExpressions.Match[]"
"True","251","Circular             1052672           0 Microsoft-Windows-Kernel-WDI/Operational","InputStream","InputStream","Windows",,"System.Text.RegularExpressions.Match[]"
"True","252","Circular             1052672           0 Microsoft-Windows-Kernel-StoreMgr/Operational","InputStream","InputStream","Windows",,"System.Text.RegularExpressions.Match[]"
"True","253","Circular             1052672         414 Microsoft-Windows-Kernel-ShimEngine/Operational","InputStream","InputStream","Windows",,"System.Text.RegularExpressions.Match[]"
"True","254","Circular             1052672           0 Microsoft-Windows-Kernel-PRM/Operational","InputStream","InputStream","Windows",,"System.Text.RegularExpressions.Match[]"
"True","255","Circular             1052672           0 Microsoft-Windows-Kernel-Power/Thermal-Operational","InputStream","InputStream","Windows",,"System.Text.RegularExpressions.Match[]"
"True","256","Circular             1052672           0 Microsoft-Windows-Kernel-PnP/Driver Watchdog","InputStream","InputStream","Windows",,"System.Text.RegularExpressions.Match[]"
"True","257","Circular             5242880        1005 Microsoft-Windows-Kernel-PnP/Device Management","InputStream","InputStream","Windows",,"System.Text.RegularExpressions.Match[]"
"True","258","Circular             1052672        1313 Microsoft-Windows-Kernel-PnP/Configuration","InputStream","InputStream","Windows",,"System.Text.RegularExpressions.Match[]"
"True","259","Circular             1052672           0 Microsoft-Windows-Kernel-LiveDump/Operational","InputStream","InputStream","Windows",,"System.Text.RegularExpressions.Match[]"
"True","260","Circular             1052672           0 Microsoft-Windows-Kernel-IO/Operational","InputStream","InputStream","Windows",,"System.Text.RegularExpressions.Match[]"
"True","261","Circular             1052672         239 Microsoft-Windows-Kernel-EventTracing/Admin","InputStream","InputStream","Windows",,"System.Text.RegularExpressions.Match[]"
"True","262","Circular             1052672          25 Microsoft-Windows-Kernel-Dump/Operational","InputStream","InputStream","Windows",,"System.Text.RegularExpressions.Match[]"
"True","263","Circular             1052672           0 Microsoft-Windows-Kernel-CPU-Starvation/Operation…","InputStream","InputStream","Windows",,"System.Text.RegularExpressions.Match[]"
"True","264","Circular             1052672        1029 Microsoft-Windows-Kernel-Cache/Operational","InputStream","InputStream","Windows",,"System.Text.RegularExpressions.Match[]"
"True","265","Circular             1052672          15 Microsoft-Windows-Kernel-Boot/Operational","InputStream","InputStream","Windows",,"System.Text.RegularExpressions.Match[]"
"True","266","Circular             1052672           0 Microsoft-Windows-Kernel-ApphelpCache/Operational","InputStream","InputStream","Windows",,"System.Text.RegularExpressions.Match[]"
"True","267","Circular             1052672             Microsoft-Windows-Kerberos/Operational","InputStream","InputStream","Windows",,"System.Text.RegularExpressions.Match[]"
"True","268","Circular             1052672           0 Microsoft-Windows-KdsSvc/Operational","InputStream","InputStream","Windows",,"System.Text.RegularExpressions.Match[]"
"True","269","Circular             1052672           0 Microsoft-Windows-IPxlatCfg/Operational","InputStream","InputStream","Windows",,"System.Text.RegularExpressions.Match[]"
"True","270","Circular             1052672           0 Microsoft-Windows-Iphlpsvc/Operational","InputStream","InputStream","Windows",,"System.Text.RegularExpressions.Match[]"
"True","271","Circular             1052672           0 Microsoft-Windows-International-RegionalOptionsCo…","InputStream","InputStream","Windows",,"System.Text.RegularExpressions.Match[]"
"True","272","Circular             1052672           0 Microsoft-Windows-IKE/Operational","InputStream","InputStream","Windows",,"System.Text.RegularExpressions.Match[]"
"True","273","Circular             1052672           0 Microsoft-Windows-IdCtrls/Operational","InputStream","InputStream","Windows",,"System.Text.RegularExpressions.Match[]"
"True","274","Circular             1052672           0 Microsoft-Windows-Hyper-V-Worker-Operational","InputStream","InputStream","Windows",,"System.Text.RegularExpressions.Match[]"
"True","275","Circular             1052672         100 Microsoft-Windows-Hyper-V-Worker-Admin","InputStream","InputStream","Windows",,"System.Text.RegularExpressions.Match[]"
"True","276","Circular            33554432         810 Microsoft-Windows-Hyper-V-VmSwitch-Operational","InputStream","InputStream","Windows",,"System.Text.RegularExpressions.Match[]"
"True","277","Circular             1052672           0 Microsoft-Windows-Hyper-V-VID-Admin","InputStream","InputStream","Windows",,"System.Text.RegularExpressions.Match[]"
"True","278","Circular             1052672          10 Microsoft-Windows-Hyper-V-StorageVSP-Admin","InputStream","InputStream","Windows",,"System.Text.RegularExpressions.Match[]"
"True","279","Circular             1052672          47 Microsoft-Windows-Hyper-V-Hypervisor-Operational","InputStream","InputStream","Windows",,"System.Text.RegularExpressions.Match[]"
"True","280","Circular             1052672          14 Microsoft-Windows-Hyper-V-Hypervisor-Admin","InputStream","InputStream","Windows",,"System.Text.RegularExpressions.Match[]"
"True","281","Circular             1052672             Microsoft-Windows-Hyper-V-Guest-Drivers/Operation…","InputStream","InputStream","Windows",,"System.Text.RegularExpressions.Match[]"
"True","282","Circular             1052672           0 Microsoft-Windows-Hyper-V-Guest-Drivers/Admin","InputStream","InputStream","Windows",,"System.Text.RegularExpressions.Match[]"
"True","283","Circular           134217728         157 Microsoft-Windows-Hyper-V-Compute-Operational","InputStream","InputStream","Windows",,"System.Text.RegularExpressions.Match[]"
"True","284","Circular             1052672           1 Microsoft-Windows-Hyper-V-Compute-Admin","InputStream","InputStream","Windows",,"System.Text.RegularExpressions.Match[]"
"True","285","Circular             1052672             Microsoft-Windows-HttpService/Trace","InputStream","InputStream","Windows",,"System.Text.RegularExpressions.Match[]"
"True","286","Circular             1052672             Microsoft-Windows-HttpService/Log","InputStream","InputStream","Windows",,"System.Text.RegularExpressions.Match[]"
"True","287","Circular             1052672           0 Microsoft-Windows-HotspotAuth/Operational","InputStream","InputStream","Windows",,"System.Text.RegularExpressions.Match[]"
"True","288","Circular             1052672          25 Microsoft-Windows-Host-Network-Service-Operational","InputStream","InputStream","Windows",,"System.Text.RegularExpressions.Match[]"
"True","289","Circular             1052672          24 Microsoft-Windows-Host-Network-Service-Admin","InputStream","InputStream","Windows",,"System.Text.RegularExpressions.Match[]"
"True","290","Circular             1052672           0 Microsoft-Windows-HomeGroup Control Panel/Operati…","InputStream","InputStream","Windows",,"System.Text.RegularExpressions.Match[]"
"True","291","Circular             1052672           0 Microsoft-Windows-hidcfu/Operational","InputStream","InputStream","Windows",,"System.Text.RegularExpressions.Match[]"
"True","292","Circular             1052672           0 Microsoft-Windows-Help/Operational","InputStream","InputStream","Windows",,"System.Text.RegularExpressions.Match[]"
"True","293","Circular             1052672         315 Microsoft-Windows-HelloForBusiness/Operational","InputStream","InputStream","Windows",,"System.Text.RegularExpressions.Match[]"
"True","294","Circular             4194304        4629 Microsoft-Windows-GroupPolicy/Operational","InputStream","InputStream","Windows",,"System.Text.RegularExpressions.Match[]"
"True","295","Circular             1052672             Microsoft-Windows-glcnd/Admin","InputStream","InputStream","Windows",,"System.Text.RegularExpressions.Match[]"
"True","296","Circular             1052672           0 Microsoft-Windows-GenericRoaming/Admin","InputStream","InputStream","Windows",,"System.Text.RegularExpressions.Match[]"
"True","297","Circular             1052672           0 Microsoft-Windows-Forwarding/Operational","InputStream","InputStream","Windows",,"System.Text.RegularExpressions.Match[]"
"True","298","Circular             4194304           0 Microsoft-Windows-Folder Redirection/Operational","InputStream","InputStream","Windows",,"System.Text.RegularExpressions.Match[]"
"True","299","Circular             1052672           0 Microsoft-Windows-FMS/Operational","InputStream","InputStream","Windows",,"System.Text.RegularExpressions.Match[]"
"True","300","Circular             1052672           0 Microsoft-Windows-FileHistory-Engine/BackupLog","InputStream","InputStream","Windows",,"System.Text.RegularExpressions.Match[]"
"True","301","Circular             1052672           0 Microsoft-Windows-FileHistory-Core/WHC","InputStream","InputStream","Windows",,"System.Text.RegularExpressions.Match[]"
"True","302","Circular             1052672           0 Microsoft-Windows-FeatureConfiguration/Operational","InputStream","InputStream","Windows",,"System.Text.RegularExpressions.Match[]"
"True","303","Circular             1052672          18 Microsoft-Windows-Fault-Tolerant-Heap/Operational","InputStream","InputStream","Windows",,"System.Text.RegularExpressions.Match[]"
"True","304","Circular             1052672           0 Microsoft-Windows-EventCollector/Operational","InputStream","InputStream","Windows",,"System.Text.RegularExpressions.Match[]"
"True","305","Circular             1052672             Microsoft-Windows-ESE/Operational","InputStream","InputStream","Windows",,"System.Text.RegularExpressions.Match[]"
"True","306","Circular             1052672         154 Microsoft-Windows-EnhancedStorage-EhStorClass/Ope…","InputStream","InputStream","Windows",,"System.Text.RegularExpressions.Match[]"
"True","307","Circular             1052672             Microsoft-Windows-Energy-Estimation-Engine/EventL…","InputStream","InputStream","Windows",,"System.Text.RegularExpressions.Match[]"
"True","308","Circular             5242880           0 Microsoft-Windows-EFS/Operational","InputStream","InputStream","Windows",,"System.Text.RegularExpressions.Match[]"
"True","309","Circular             1052672           0 Microsoft-Windows-EDP-Audit-TCB/Admin","InputStream","InputStream","Windows",,"System.Text.RegularExpressions.Match[]"
"True","310","Circular             1052672           0 Microsoft-Windows-EDP-Audit-Regular/Admin","InputStream","InputStream","Windows",,"System.Text.RegularExpressions.Match[]"
"True","311","Circular             1052672           0 Microsoft-Windows-EDP-Application-Learning/Admin","InputStream","InputStream","Windows",,"System.Text.RegularExpressions.Match[]"
"True","312","Circular             1052672           0 Microsoft-Windows-EapMethods-Ttls/Operational","InputStream","InputStream","Windows",,"System.Text.RegularExpressions.Match[]"
"True","313","Circular             1052672           0 Microsoft-Windows-EapMethods-Sim/Operational","InputStream","InputStream","Windows",,"System.Text.RegularExpressions.Match[]"
"True","314","Circular             1052672           0 Microsoft-Windows-EapMethods-RasTls/Operational","InputStream","InputStream","Windows",,"System.Text.RegularExpressions.Match[]"
"True","315","Circular             1052672           0 Microsoft-Windows-EapMethods-RasChap/Operational","InputStream","InputStream","Windows",,"System.Text.RegularExpressions.Match[]"
"True","316","Circular             1052672           0 Microsoft-Windows-EapHost/Operational","InputStream","InputStream","Windows",,"System.Text.RegularExpressions.Match[]"
"True","317","Circular             1052672          16 Microsoft-Windows-DxgKrnl-Operational","InputStream","InputStream","Windows",,"System.Text.RegularExpressions.Match[]"
"True","318","Circular             1052672           0 Microsoft-Windows-DxgKrnl-Admin","InputStream","InputStream","Windows",,"System.Text.RegularExpressions.Match[]"
"True","319","Circular             1052672           0 Microsoft-Windows-DSC/Operational","InputStream","InputStream","Windows",,"System.Text.RegularExpressions.Match[]"
"True","320","Circular             1052672           0 Microsoft-Windows-DSC/Admin","InputStream","InputStream","Windows",,"System.Text.RegularExpressions.Match[]"
"True","321","Circular             1052672             Microsoft-Windows-DriverFrameworks-UserMode/Opera…","InputStream","InputStream","Windows",,"System.Text.RegularExpressions.Match[]"
"True","322","Circular             1052672             Microsoft-Windows-DNS-Client/Operational","InputStream","InputStream","Windows",,"System.Text.RegularExpressions.Match[]"
"True","323","Circular             1052672             Microsoft-Windows-DisplayColorCalibration/Operati…","InputStream","InputStream","Windows",,"System.Text.RegularExpressions.Match[]"
"True","324","Circular             1052672           0 Microsoft-Windows-DiskDiagnosticResolver/Operatio…","InputStream","InputStream","Windows",,"System.Text.RegularExpressions.Match[]"
"True","325","Circular             1052672           0 Microsoft-Windows-DiskDiagnosticDataCollector/Ope…","InputStream","InputStream","Windows",,"System.Text.RegularExpressions.Match[]"
"True","326","Circular             1052672           0 Microsoft-Windows-DiskDiagnostic/Operational","InputStream","InputStream","Windows",,"System.Text.RegularExpressions.Match[]"
"True","327","Circular             1052672          49 Microsoft-Windows-Diagnostics-Performance/Operati…","InputStream","InputStream","Windows",,"System.Text.RegularExpressions.Match[]"
"True","328","Circular             1052672           0 Microsoft-Windows-Diagnostics-Networking/Operatio…","InputStream","InputStream","Windows",,"System.Text.RegularExpressions.Match[]"
"True","329","Circular             1052672           0 Microsoft-Windows-Diagnosis-ScriptedDiagnosticsPr…","InputStream","InputStream","Windows",,"System.Text.RegularExpressions.Match[]"
"True","330","Circular             1052672          44 Microsoft-Windows-Diagnosis-Scripted/Operational","InputStream","InputStream","Windows",,"System.Text.RegularExpressions.Match[]"
"True","331","Circular             1052672          11 Microsoft-Windows-Diagnosis-Scripted/Admin","InputStream","InputStream","Windows",,"System.Text.RegularExpressions.Match[]"
"True","332","Circular             1052672          77 Microsoft-Windows-Diagnosis-Scheduled/Operational","InputStream","InputStream","Windows",,"System.Text.RegularExpressions.Match[]"
"True","333","Circular             1052672           0 Microsoft-Windows-Diagnosis-PLA/Operational","InputStream","InputStream","Windows",,"System.Text.RegularExpressions.Match[]"
"True","334","Circular             1052672        2293 Microsoft-Windows-Diagnosis-PCW/Operational","InputStream","InputStream","Windows",,"System.Text.RegularExpressions.Match[]"
"True","335","Circular             1052672         445 Microsoft-Windows-Diagnosis-DPS/Operational","InputStream","InputStream","Windows",,"System.Text.RegularExpressions.Match[]"
"True","336","Circular             1052672             Microsoft-Windows-Dhcpv6-Client/Operational","InputStream","InputStream","Windows",,"System.Text.RegularExpressions.Match[]"
"True","337","Circular             1052672           0 Microsoft-Windows-Dhcpv6-Client/Admin","InputStream","InputStream","Windows",,"System.Text.RegularExpressions.Match[]"
"True","338","Circular             1052672             Microsoft-Windows-Dhcp-Client/Operational","InputStream","InputStream","Windows",,"System.Text.RegularExpressions.Match[]"
"True","339","Circular             1052672         213 Microsoft-Windows-Dhcp-Client/Admin","InputStream","InputStream","Windows",,"System.Text.RegularExpressions.Match[]"
"True","340","Circular             1052672           0 Microsoft-Windows-DeviceUpdateAgent/Operational","InputStream","InputStream","Windows",,"System.Text.RegularExpressions.Match[]"
"True","341","Circular             1052672           0 Microsoft-Windows-DeviceSync/Operational","InputStream","InputStream","Windows",,"System.Text.RegularExpressions.Match[]"
"True","342","Circular             1052672         181 Microsoft-Windows-DeviceSetupManager/Operational","InputStream","InputStream","Windows",,"System.Text.RegularExpressions.Match[]"
"True","343","Circular             1052672         763 Microsoft-Windows-DeviceSetupManager/Admin","InputStream","InputStream","Windows",,"System.Text.RegularExpressions.Match[]"
"True","344","Circular             1052672           0 Microsoft-Windows-Devices-Background/Operational","InputStream","InputStream","Windows",,"System.Text.RegularExpressions.Match[]"
"True","345","Circular             1052672        1521 Microsoft-Windows-DeviceManagement-Enterprise-Dia…","InputStream","InputStream","Windows",,"System.Text.RegularExpressions.Match[]"
"True","346","Circular             1052672           0 Microsoft-Windows-DeviceManagement-Enterprise-Dia…","InputStream","InputStream","Windows",,"System.Text.RegularExpressions.Match[]"
"True","347","Circular             1052672        1478 Microsoft-Windows-DeviceManagement-Enterprise-Dia…","InputStream","InputStream","Windows",,"System.Text.RegularExpressions.Match[]"
"True","348","Circular             1052672           0 Microsoft-Windows-DeviceGuard/Operational","InputStream","InputStream","Windows",,"System.Text.RegularExpressions.Match[]"
"True","349","Circular             1052672           0 Microsoft-Windows-DateTimeControlPanel/Operational","InputStream","InputStream","Windows",,"System.Text.RegularExpressions.Match[]"
"True","350","Circular             1052672           0 Microsoft-Windows-DataIntegrityScan/CrashRecovery","InputStream","InputStream","Windows",,"System.Text.RegularExpressions.Match[]"
"True","351","Circular             1052672           0 Microsoft-Windows-DataIntegrityScan/Admin","InputStream","InputStream","Windows",,"System.Text.RegularExpressions.Match[]"
"True","352","Circular             1052672           0 Microsoft-Windows-DAL-Provider/Operational","InputStream","InputStream","Windows",,"System.Text.RegularExpressions.Match[]"
"True","353","Circular             1052672         825 Microsoft-Windows-Crypto-NCrypt/Operational","InputStream","InputStream","Windows",,"System.Text.RegularExpressions.Match[]"
"True","354","Circular             1052672           0 Microsoft-Windows-Crypto-NCrypt/CertInUse","InputStream","InputStream","Windows",,"System.Text.RegularExpressions.Match[]"
"True","355","Circular             1052672         930 Microsoft-Windows-Crypto-DPAPI/Operational","InputStream","InputStream","Windows",,"System.Text.RegularExpressions.Match[]"
"True","356","Circular             1052672             Microsoft-Windows-Crypto-DPAPI/Debug","InputStream","InputStream","Windows",,"System.Text.RegularExpressions.Match[]"
"True","357","Circular             1052672           0 Microsoft-Windows-Crypto-DPAPI/BackUpKeySvc","InputStream","InputStream","Windows",,"System.Text.RegularExpressions.Match[]"
"True","358","Circular             1052672           0 Microsoft-Windows-Crashdump/Operational","InputStream","InputStream","Windows",,"System.Text.RegularExpressions.Match[]"
"True","359","Circular             1052672           0 Microsoft-Windows-CorruptedFileRecovery-Server/Op…","InputStream","InputStream","Windows",,"System.Text.RegularExpressions.Match[]"
"True","360","Circular             1052672           0 Microsoft-Windows-CorruptedFileRecovery-Client/Op…","InputStream","InputStream","Windows",,"System.Text.RegularExpressions.Match[]"
"True","361","Circular             1052672        1131 Microsoft-Windows-CoreSystem-SmsRouter-Events/Ope…","InputStream","InputStream","Windows",,"System.Text.RegularExpressions.Match[]"
"True","362","Circular             1052672           0 Microsoft-Windows-CoreApplication/Operational","InputStream","InputStream","Windows",,"System.Text.RegularExpressions.Match[]"
"True","363","Circular             1052672          23 Microsoft-Windows-Containers-Wcifs/Operational","InputStream","InputStream","Windows",,"System.Text.RegularExpressions.Match[]"
"True","364","Circular             1052672          23 Microsoft-Windows-Containers-BindFlt/Operational","InputStream","InputStream","Windows",,"System.Text.RegularExpressions.Match[]"
"True","365","Circular             1052672           0 Microsoft-Windows-Compat-Appraiser/Operational","InputStream","InputStream","Windows",,"System.Text.RegularExpressions.Match[]"
"True","366","Circular             1052672         127 Microsoft-Windows-CodeIntegrity/Operational","InputStream","InputStream","Windows",,"System.Text.RegularExpressions.Match[]"
"True","367","Circular             1052672         383 Microsoft-Windows-CloudStore/Operational","InputStream","InputStream","Windows",,"System.Text.RegularExpressions.Match[]"
"True","368","Circular            10485760             Microsoft-Windows-CloudStore/Debug","InputStream","InputStream","Windows",,"System.Text.RegularExpressions.Match[]"
"True","369","Circular             8388608           0 Microsoft-Windows-Cleanmgr/Diagnostic","InputStream","InputStream","Windows",,"System.Text.RegularExpressions.Match[]"
"True","370","Circular             1052672             Microsoft-Windows-CertPoleEng/Operational","InputStream","InputStream","Windows",,"System.Text.RegularExpressions.Match[]"
"True","371","Circular             1052672           6 Microsoft-Windows-CertificateServicesClient-Lifec…","InputStream","InputStream","Windows",,"System.Text.RegularExpressions.Match[]"
"True","372","Circular             1052672           0 Microsoft-Windows-CertificateServicesClient-Lifec…","InputStream","InputStream","Windows",,"System.Text.RegularExpressions.Match[]"
"True","373","Circular             1052672             Microsoft-Windows-CertificateServicesClient-Crede…","InputStream","InputStream","Windows",,"System.Text.RegularExpressions.Match[]"
"True","374","Circular             1052672             Microsoft-Windows-CAPI2/Operational","InputStream","InputStream","Windows",,"System.Text.RegularExpressions.Match[]"
"True","375","Circular             1052672             Microsoft-Windows-Bluetooth-Policy/Operational","InputStream","InputStream","Windows",,"System.Text.RegularExpressions.Match[]"
"True","376","Circular             1052672           0 Microsoft-Windows-Bluetooth-MTPEnum/Operational","InputStream","InputStream","Windows",,"System.Text.RegularExpressions.Match[]"
"True","377","Circular             1052672             Microsoft-Windows-Bluetooth-Bthmini/Operational","InputStream","InputStream","Windows",,"System.Text.RegularExpressions.Match[]"
"True","378","Circular             1052672           0 Microsoft-Windows-Bluetooth-BthLEPrepairing/Opera…","InputStream","InputStream","Windows",,"System.Text.RegularExpressions.Match[]"
"True","379","Circular             1052672        1243 Microsoft-Windows-Bits-Client/Operational","InputStream","InputStream","Windows",,"System.Text.RegularExpressions.Match[]"
"True","380","Circular             1052672             Microsoft-Windows-Bits-Client/Analytic","InputStream","InputStream","Windows",,"System.Text.RegularExpressions.Match[]"
"True","381","Circular             1052672             Microsoft-Windows-BitLocker/BitLocker Operational","InputStream","InputStream","Windows",,"System.Text.RegularExpressions.Match[]"
"True","382","Circular             1052672          64 Microsoft-Windows-BitLocker/BitLocker Management","InputStream","InputStream","Windows",,"System.Text.RegularExpressions.Match[]"
"True","383","Circular             1052672         123 Microsoft-Windows-Biometrics/Operational","InputStream","InputStream","Windows",,"System.Text.RegularExpressions.Match[]"
"True","384","Circular             1052672             Microsoft-Windows-Base-Filtering-Engine-Resource-…","InputStream","InputStream","Windows",,"System.Text.RegularExpressions.Match[]"
"True","385","Circular             1052672             Microsoft-Windows-Base-Filtering-Engine-Connectio…","InputStream","InputStream","Windows",,"System.Text.RegularExpressions.Match[]"
"True","386","Circular             1052672           0 Microsoft-Windows-Backup","InputStream","InputStream","Windows",,"System.Text.RegularExpressions.Match[]"
"True","387","Circular             1052672             Microsoft-Windows-BackgroundTransfer-ContentPrefe…","InputStream","InputStream","Windows",,"System.Text.RegularExpressions.Match[]"
"True","388","Circular             1052672         275 Microsoft-Windows-BackgroundTaskInfrastructure/Op…","InputStream","InputStream","Windows",,"System.Text.RegularExpressions.Match[]"
"True","389","Circular             1052672             Microsoft-Windows-Authentication/ProtectedUserSuc…","InputStream","InputStream","Windows",,"System.Text.RegularExpressions.Match[]"
"True","390","Circular             1052672             Microsoft-Windows-Authentication/ProtectedUserFai…","InputStream","InputStream","Windows",,"System.Text.RegularExpressions.Match[]"
"True","391","Circular             1052672             Microsoft-Windows-Authentication/ProtectedUser-Cl…","InputStream","InputStream","Windows",,"System.Text.RegularExpressions.Match[]"
"True","392","Circular             1052672             Microsoft-Windows-Authentication/AuthenticationPo…","InputStream","InputStream","Windows",,"System.Text.RegularExpressions.Match[]"
"True","393","Circular             1052672           0 Microsoft-Windows-Authentication User Interface/O…","InputStream","InputStream","Windows",,"System.Text.RegularExpressions.Match[]"
"True","394","Circular             1052672         244 Microsoft-Windows-Audio/PlaybackManager","InputStream","InputStream","Windows",,"System.Text.RegularExpressions.Match[]"
"True","395","Circular             1052672         721 Microsoft-Windows-Audio/Operational","InputStream","InputStream","Windows",,"System.Text.RegularExpressions.Match[]"
"True","396","Circular             1052672             Microsoft-Windows-Audio/Informational","InputStream","InputStream","Windows",,"System.Text.RegularExpressions.Match[]"
"True","397","Circular             1052672             Microsoft-Windows-Audio/GlitchDetection","InputStream","InputStream","Windows",,"System.Text.RegularExpressions.Match[]"
"True","398","Circular             1052672           0 Microsoft-Windows-Audio/CaptureMonitor","InputStream","InputStream","Windows",,"System.Text.RegularExpressions.Match[]"
"True","399","Circular             1052672             Microsoft-Windows-ASN1/Operational","InputStream","InputStream","Windows",,"System.Text.RegularExpressions.Match[]"
"True","400","Circular             1052672        1994 Microsoft-Windows-AppxPackaging/Operational","InputStream","InputStream","Windows",,"System.Text.RegularExpressions.Match[]"
"True","401","Retain               1052672         235 Microsoft-Windows-AppXDeploymentServer/Restricted","InputStream","InputStream","Windows",,"System.Text.RegularExpressions.Match[]"
"True","402","Circular             5242880        3577 Microsoft-Windows-AppXDeploymentServer/Operational","InputStream","InputStream","Windows",,"System.Text.RegularExpressions.Match[]"
"True","403","Circular             1052672         448 Microsoft-Windows-AppXDeployment/Operational","InputStream","InputStream","Windows",,"System.Text.RegularExpressions.Match[]"
"True","404","Circular             5242880         103 Microsoft-Windows-AppReadiness/Operational","InputStream","InputStream","Windows",,"System.Text.RegularExpressions.Match[]"
"True","405","Circular             5242880         735 Microsoft-Windows-AppReadiness/Admin","InputStream","InputStream","Windows",,"System.Text.RegularExpressions.Match[]"
"True","406","Circular             1052672        1505 Microsoft-Windows-AppModel-Runtime/Admin","InputStream","InputStream","Windows",,"System.Text.RegularExpressions.Match[]"
"True","407","Circular             1052672           0 Microsoft-Windows-AppLocker/Packaged app-Execution","InputStream","InputStream","Windows",,"System.Text.RegularExpressions.Match[]"
"True","408","Circular             1052672           0 Microsoft-Windows-AppLocker/Packaged app-Deployme…","InputStream","InputStream","Windows",,"System.Text.RegularExpressions.Match[]"
"True","409","Circular             1052672           0 Microsoft-Windows-AppLocker/MSI and Script","InputStream","InputStream","Windows",,"System.Text.RegularExpressions.Match[]"
"True","410","Circular             1052672           0 Microsoft-Windows-AppLocker/EXE and DLL","InputStream","InputStream","Windows",,"System.Text.RegularExpressions.Match[]"
"True","411","Circular             1052672           0 Microsoft-Windows-Application-Experience/Steps-Re…","InputStream","InputStream","Windows",,"System.Text.RegularExpressions.Match[]"
"True","412","Circular             1052672         804 Microsoft-Windows-Application-Experience/Program-…","InputStream","InputStream","Windows",,"System.Text.RegularExpressions.Match[]"
"True","413","Circular             1052672           0 Microsoft-Windows-Application-Experience/Program-…","InputStream","InputStream","Windows",,"System.Text.RegularExpressions.Match[]"
"True","414","Circular             1052672           0 Microsoft-Windows-Application-Experience/Program-…","InputStream","InputStream","Windows",,"System.Text.RegularExpressions.Match[]"
"True","415","Circular             1052672          42 Microsoft-Windows-Application-Experience/Program-…","InputStream","InputStream","Windows",,"System.Text.RegularExpressions.Match[]"
"True","416","Circular             1052672           0 Microsoft-Windows-Application Server-Applications…","InputStream","InputStream","Windows",,"System.Text.RegularExpressions.Match[]"
"True","417","Circular             1052672           0 Microsoft-Windows-Application Server-Applications…","InputStream","InputStream","Windows",,"System.Text.RegularExpressions.Match[]"
"True","418","Circular             1052672           0 Microsoft-Windows-ApplicabilityEngine/Operational","InputStream","InputStream","Windows",,"System.Text.RegularExpressions.Match[]"
"True","419","Circular             1052672           0 Microsoft-Windows-AppID/Operational","InputStream","InputStream","Windows",,"System.Text.RegularExpressions.Match[]"
"True","420","Circular             1052672           0 Microsoft-Windows-AppHost/Admin","InputStream","InputStream","Windows",,"System.Text.RegularExpressions.Match[]"
"True","421","Circular             1052672           0 Microsoft-Windows-AllJoyn/Operational","InputStream","InputStream","Windows",,"System.Text.RegularExpressions.Match[]"
"True","422","Circular             1052672           0 Microsoft-Windows-All-User-Install-Agent/Admin","InputStream","InputStream","Windows",,"System.Text.RegularExpressions.Match[]"
"True","423","Circular             1052672         593 Microsoft-Windows-AAD/Operational","InputStream","InputStream","Windows",,"System.Text.RegularExpressions.Match[]"
